{"val_loss":0.141567446932241,"train_accuracy":0.010940919037199124,"val_accuracy":0.017467248908296942,"_timestamp":1.728731419169651e+09,"_runtime":35.02265,"_step":149,"_wandb":{"runtime":35},"train_loss":0.14141141010007338}