{"_step":99,"train_loss":0.2666127543255575,"val_loss":0.2705323468656677,"train_accuracy":0.11159737417943107,"val_accuracy":0.11353711790393013,"_wandb":{"runtime":23},"_timestamp":1.728730964652915e+09,"_runtime":23.34035}