{"_runtime":35.279373,"_step":149,"train_loss":0.14285714285714285,"val_loss":0.14285714285714285,"_wandb":{"runtime":35},"train_accuracy":0,"val_accuracy":0,"_timestamp":1.728731640308318e+09}