{"_step":149,"_wandb":{"runtime":36},"train_loss":0.14285714285714285,"val_loss":0.14285714285714285,"train_accuracy":0,"val_accuracy":0,"_timestamp":1.72873186576037e+09,"_runtime":36.899673}