{"Parameters":{"max_iter":500,"learning_rate":0.026803053140269987,"validation_split":0.2,"alpha":0.05668548367648151,"early_stopping":true,"hidden_layer_sizes":[100,50],"patience":10,"batch_size":64,"activation":"tanh"},"Train MAE":0.4278491489291724,"_timestamp":1.728838127218773e+09,"_wandb":{"runtime":1},"Test R_squared":0.5806355256889666,"Test MSE":0.36357459087602906,"Test RMSE":0.6029714677130494,"_runtime":1.627742,"Train MSE":0.3925136693435968,"Test MAE":0.39306929762533543,"_step":23,"Train RMSE":0.626509113535946,"Train R_squared":0.6178180686978395}