{"val_loss":0.08212237720130221,"train_accuracy":0.5470459518599562,"val_accuracy":0.5414847161572053,"_timestamp":1.72873123257291e+09,"_runtime":33.49043,"_step":149,"train_loss":0.08282033220168775,"_wandb":{"runtime":33}}