{"val_accuracy":0.017467248908296942,"_timestamp":1.728730810426465e+09,"_runtime":22.75882,"_step":99,"train_loss":0.22189854398135692,"val_loss":0.22191343635759733,"train_accuracy":0.01312910284463895,"_wandb":{"runtime":22}}