{"_runtime":11.117399,"_step":49,"train_loss":0.07555047769456161,"val_loss":0.07680798812859249,"train_accuracy":0.5853391684901532,"_wandb":{"runtime":11},"val_accuracy":0.6069868995633187,"_timestamp":1.728730658495678e+09}