{"_wandb":{"runtime":22},"val_loss":0.14285714285714285,"train_accuracy":0,"val_accuracy":0,"_timestamp":1.7287311438159108e+09,"_runtime":22.583153,"_step":99,"train_loss":0.14285714285714285}