{"_timestamp":1.728730990217192e+09,"_runtime":22.919378000000002,"_step":99,"train_loss":0.14285714285714285,"val_loss":0.14285714285714285,"_wandb":{"runtime":22},"train_accuracy":0,"val_accuracy":0}