{"val_loss":0.14296739563392022,"train_accuracy":0.0032822757111597373,"val_accuracy":0,"_timestamp":1.728730497275367e+09,"_runtime":11.487017,"_step":49,"_wandb":{"runtime":11},"train_loss":0.14252571752204002}