{"_runtime":23.367969,"_wandb":{"runtime":23},"_step":99,"train_loss":0.14285714285714285,"val_loss":0.14285714285714285,"train_accuracy":0,"val_accuracy":0,"_timestamp":1.728731196481017e+09}