{"_timestamp":1.728730643904032e+09,"_runtime":12.031955,"_step":49,"train_loss":0.14285714285714285,"val_loss":0.14285714285714285,"_wandb":{"runtime":12},"train_accuracy":0,"val_accuracy":0}