{"_wandb":{"runtime":11},"train_accuracy":0.5864332603938731,"val_accuracy":0.5938864628820961,"_timestamp":1.728730690317342e+09,"_runtime":11.675119,"_step":49,"train_loss":0.07569475946157576,"val_loss":0.07717791398584}