{"_runtime":11.552171,"train_accuracy":0.5470459518599562,"test_accuracy":0.5021834061135371,"train_loss":0.09002242597833686,"_wandb":{"runtime":11},"test_precision":0.4268745425850967,"_timestamp":1.72873277157621e+09,"val_loss":0.09122269132704014,"test_f1_score":0.44931801555594203,"_step":50,"test_recall":0.5021834061135371,"val_accuracy":0.5021834061135371}