{"_wandb":{"runtime":2},"Train MSE":0.3993714349732985,"Train RMSE":0.6319584123763988,"Test MSE":0.3693562501093791,"Test MAE":0.3881996037093206,"Test R_squared":0.5739666809845079,"_timestamp":1.728838222631221e+09,"_step":23,"Train R_squared":0.6111408130568833,"Test RMSE":0.6077468635125804,"Train MAE":0.42711400240461367,"_runtime":2.090296,"Parameters":{"activation":"tanh","patience":10,"alpha":0.08102572248272832,"max_iter":500,"hidden_layer_sizes":[100,50],"validation_split":0.2,"learning_rate":0.0999824890645604,"batch_size":64,"early_stopping":true}}