{"_runtime":11.855274,"_step":49,"_wandb":{"runtime":11},"train_loss":0.14255089303117735,"val_loss":0.14223331333649422,"train_accuracy":0.002188183807439825,"val_accuracy":0.004366812227074236,"_timestamp":1.7287305262597609e+09}