{"_timestamp":1.7287309138540878e+09,"_runtime":21.755944,"_wandb":{"runtime":21},"_step":99,"train_loss":0.07565390566615078,"val_loss":0.07762668405401997,"train_accuracy":0.5765864332603938,"val_accuracy":0.5851528384279476}