{"_step":149,"train_loss":0.21673660206102788,"_wandb":{"runtime":35},"val_loss":0.21800791396392746,"train_accuracy":0.005470459518599562,"val_accuracy":0.004366812227074236,"_timestamp":1.7287316021316962e+09,"_runtime":35.12744}