{"val_loss":0.08606216624338041,"_wandb":{"runtime":35},"train_accuracy":0.5809628008752735,"val_accuracy":0.5283842794759825,"_timestamp":1.728731381037309e+09,"_runtime":35.16022,"_step":149,"train_loss":0.08316999374621485}