{"_wandb":{"runtime":22},"val_accuracy":0,"_timestamp":1.728730836163438e+09,"_runtime":22.816728,"_step":99,"train_loss":0.14254629636415558,"val_loss":0.1428572275661887,"train_accuracy":0.002188183807439825}