{"_runtime":22.046804,"_step":99,"_wandb":{"runtime":22},"train_loss":0.10472607906391683,"val_loss":0.11232012674582613,"train_accuracy":0.3916849015317287,"val_accuracy":0.34934497816593885,"_timestamp":1.7287309386120908e+09}