{"val_loss":0.14404266165547586,"train_accuracy":0.002188183807439825,"val_accuracy":0.004366812227074236,"_timestamp":1.728731268525939e+09,"_runtime":32.752549,"_step":149,"train_loss":0.14254455228146673,"_wandb":{"runtime":32}}