{"val_accuracy":0,"_timestamp":1.7287305840433002e+09,"_runtime":11.253646,"_wandb":{"runtime":11},"_step":49,"train_loss":0.14285714285714285,"val_loss":0.14338258382424943,"train_accuracy":0}