{"train_loss":0.08267987745131287,"_wandb":{"runtime":33},"val_loss":0.08354050206690525,"train_accuracy":0.5590809628008753,"val_accuracy":0.537117903930131,"_timestamp":1.728731305979685e+09,"_runtime":33.764049,"_step":149}