{"train_loss":0.14285714285714285,"_wandb":{"runtime":32},"val_loss":0.14285714285714285,"train_accuracy":0,"val_accuracy":0,"_timestamp":1.728731711751764e+09,"_runtime":32.427084,"_step":149}