{"train_accuracy":0,"val_accuracy":0,"_timestamp":1.7287310436598551e+09,"_runtime":23.542723,"_step":99,"train_loss":0.14285714285714285,"val_loss":0.14285714285714285,"_wandb":{"runtime":23}}