{"train_loss":0.14285714285714285,"val_loss":0.14224403484319798,"train_accuracy":0,"val_accuracy":0.004366812227074236,"_timestamp":1.728730612962741e+09,"_runtime":11.590477,"_wandb":{"runtime":11},"_step":49}