{"val_accuracy":0,"_wandb":{"runtime":12},"_timestamp":1.728730556119382e+09,"_runtime":12.052775,"_step":49,"train_loss":0.14254454559729485,"val_loss":0.14285714285714285,"train_accuracy":0.002188183807439825}