{"_runtime":11.149115,"_step":49,"train_loss":0.07758566339158476,"val_loss":0.0788322754953494,"train_accuracy":0.5733041575492341,"val_accuracy":0.5764192139737991,"_wandb":{"runtime":11},"_timestamp":1.728730569968874e+09}