{"val_loss":0.14285714285714285,"train_accuracy":0,"val_accuracy":0,"_timestamp":1.728730673515838e+09,"_runtime":11.203396,"_step":49,"_wandb":{"runtime":11},"train_loss":0.14285714285714285}