{"_runtime":12.101247,"_step":49,"train_loss":0.07681797631124863,"val_loss":0.07790452990347375,"train_accuracy":0.5711159737417943,"val_accuracy":0.5764192139737991,"_wandb":{"runtime":12},"_timestamp":1.7287306287696698e+09}