{"Test RMSE":0.7163297429353565,"Train MSE":0.5203599300021526,"Parameters":{"early_stopping":true,"learning_rate":0.0001,"activation":"relu","max_iter":1000,"hidden_layer_sizes":[32],"validation_split":0.2,"batch_size":16,"alpha":0.0001,"patience":20},"_step":0,"Test MSE":0.5131283006138339,"_timestamp":1.72883444376111e+09,"Test R_squared":0.40813306143715467,"_wandb":{"runtime":1},"Train R_squared":0.4933369751095421,"Train RMSE":0.7213597784754516,"_runtime":1.847429}