{"Test R_squared":0.5687831721752262,"Train MSE":0.4020516853360998,"Train RMSE":0.6340754571311681,"_timestamp":1.728837183846876e+09,"_wandb":{"runtime":2},"Train R_squared":0.6085311121979509,"_runtime":2.552703,"Test MSE":0.3738501741541686,"Test RMSE":0.6114328860587797,"Parameters":{"validation_split":0.2,"hidden_layer_sizes":[100,50],"learning_rate":0.006615962297425286,"patience":10,"batch_size":64,"alpha":0.04675922729970817,"activation":"tanh","max_iter":500,"early_stopping":true},"_step":23}