{"_runtime":21.83111,"_step":99,"train_loss":0.14285714285714285,"val_loss":0.14285714285714285,"train_accuracy":0,"val_accuracy":0,"_wandb":{"runtime":21},"_timestamp":1.7287310928747818e+09}