{"_step":99,"train_loss":0.07606387213377036,"_wandb":{"runtime":23},"val_loss":0.07751363083310754,"train_accuracy":0.5798687089715536,"val_accuracy":0.611353711790393,"_timestamp":1.728731017435161e+09,"_runtime":23.741954}