{"train_accuracy":0,"_wandb":{"runtime":34},"val_accuracy":0,"_timestamp":1.728731787059318e+09,"_runtime":34.365947,"_step":149,"train_loss":0.14285714285714285,"val_loss":0.14285714285714285}