{"train_accuracy":0,"val_accuracy":0,"_timestamp":1.728730736153404e+09,"_runtime":11.994661,"_step":49,"train_loss":0.14285714285714285,"val_loss":0.14285714285714285,"_wandb":{"runtime":11}}