{"_wandb":{"runtime":33},"_timestamp":1.728731342900684e+09,"_runtime":33.938556,"_step":149,"train_loss":0.1427008440137543,"val_loss":0.14285716989378597,"train_accuracy":0.0010940919037199124,"val_accuracy":0}