{"_timestamp":1.728730704606127e+09,"_wandb":{"runtime":11},"_runtime":11.627462,"_step":49,"train_loss":0.14285714285714285,"val_loss":0.14285714285714285,"train_accuracy":0,"val_accuracy":0}