{"_step":99,"_wandb":{"runtime":23},"train_loss":0.07431492470819966,"val_loss":0.07532153232326493,"train_accuracy":0.6072210065645515,"val_accuracy":0.611353711790393,"_timestamp":1.72873116995923e+09,"_runtime":23.48317}