{"val_accuracy":0,"_wandb":{"runtime":21},"_timestamp":1.728730784977191e+09,"_runtime":21.869585,"_step":99,"train_loss":0.1418258970244369,"val_loss":0.14580250104471545,"train_accuracy":0.0087527352297593}