{"_runtime":33.771066,"_step":149,"train_loss":0.07552070751191022,"val_loss":0.07588512977587092,"train_accuracy":0.5908096280087527,"val_accuracy":0.6200873362445415,"_wandb":{"runtime":33},"_timestamp":1.728731526324557e+09}