{"val_loss":0.1397920950718366,"train_accuracy":0.053610503282275714,"val_accuracy":0.048034934497816595,"_timestamp":1.728730889457226e+09,"_runtime":23.530064,"_wandb":{"runtime":23},"_step":99,"train_loss":0.1379985701653433}