{"val_accuracy":0.6026200873362445,"_timestamp":1.728731068356529e+09,"_runtime":22.039614,"_step":99,"train_loss":0.07456789730203858,"val_loss":0.07567393940735527,"train_accuracy":0.5973741794310722,"_wandb":{"runtime":22}}