{"val_loss":0.14223331253898938,"train_accuracy":0.0010940919037199124,"val_accuracy":0.004366812227074236,"_timestamp":1.728731489583296e+09,"_runtime":32.520438,"_step":149,"_wandb":{"runtime":32},"train_loss":0.1427008440137543}