{"train_loss":0.07389924347400208,"val_loss":0.07455510351860187,"_wandb":{"runtime":32},"train_accuracy":0.5995623632385121,"val_accuracy":0.611353711790393,"_timestamp":1.7287316756170611e+09,"_runtime":32.286759,"_step":149}