{"_timestamp":1.728835268826248e+09,"_wandb":{"runtime":755},"Train RMSE":1.0150480541554485,"Parameters":{"batch_size":64,"learning_rate":0.1,"max_iter":1000,"alpha":0.01,"validation_split":0.2,"patience":20,"early_stopping":true,"activation":"sigmoid","hidden_layer_sizes":[128,64,32]},"Train MSE":1.0303225522447623,"_step":1124,"Test MSE":0.9076044155818636,"Test R_squared":-0.04687472165138984,"Test RMSE":0.9526827465541,"_runtime":755.783078,"Train R_squared":-0.003202419777073251}